hotel name,address_link
Premier Inn Dubai International Airport,Dubai International Airport,https://www.expedia.co.in/Dubai-Hotels-Premier-Inn-Dubai-International-Airport.h3125411.Hotel-Information
Premier Inn Dubai International Airport,Dubai International Airport,https://www.expedia.com.hk/en/Dubai-Hotels-Premier-Inn-Dubai-International-Airport.h3125411.Hotel-Information
Premier Inn Dubai International Airport,Dubai International Airport,https://www.expedia.com/Dubai-And-Vicinity-Hotels-Premier-Inn-Dubai-International-Airport.h3125411.Hotel-Reviews
The Standard London,10 Argyle Street,https://www.expedia.com/London-Hotels-The-Standard-London.h34928032.Hotel-Information
The Standard London,10 Argyle Street,https://www.expedia.co.uk/London-Hotels-The-Standard-London.h34928032.Hotel-Information
The Standard London,10 Argyle Street,https://www.expedia.co.in/London-Hotels-The-Standard-London.h34928032.Hotel-Information
The Standard London,10 Argyle Street,https://www.expedia.ca/London-Hotels-The-Standard-London.h34928032.Hotel-Information
The Standard London,10 Argyle Street,https://www.expedia.com.hk/en/London-Hotels-The-Standard-London.h34928032.Hotel-Information
The Standard London,10 Argyle Street,https://www.expedia.com/London-And-Vicinity-Hotels-The-Standard-London.h34928032.Hotel-Reviews
The Standard London,10 Argyle Street,https://www.expedia.com.vn/en/London-Hotels-The-Standard-London.h34928032.Hotel-Information
The Standard London,10 Argyle Street,https://www.expedia.co.th/en/London-Hotels-The-Standard-London.h34928032.Hotel-Information
The Standard London,10 Argyle Street,https://www.expedia.com.tw/en/London-Hotels-The-Standard-London.h34928032.Hotel-Information
The Standard London,10 Argyle Street,https://www.expedia.co.kr/en/London-Hotels-The-Standard-London.h34928032.Hotel-Information
Hotel Le Cardinal,3 rue du Cardinal Mercier,https://www.expedia.com/Paris-Hotels-Hotel-Le-Cardinal.h863813.Hotel-Information
Hotel Le Cardinal,3 rue du Cardinal Mercier,https://www.expedia.co.uk/Paris-Hotels-Hotel-Le-Cardinal.h863813.Hotel-Information
Hotel Le Cardinal,3 rue du Cardinal Mercier,https://www.expedia.com.ph/Paris-Hotels-Hotel-Le-Cardinal.h863813.Hotel-Information
Hotel Le Cardinal,3 rue du Cardinal Mercier,https://www.expedia.co.in/Paris-Hotels-Hotel-Le-Cardinal.h863813.Hotel-Information
Hotel Le Cardinal,3 rue du Cardinal Mercier,https://www.expedia.com.au/Paris-Hotels-Hotel-Le-Cardinal.h863813.Hotel-Information
Mamilla Hotel,11 King Solomon St.,https://www.expedia.com/Jerusalem-Hotels-Mamilla-Hotel.h2784087.Hotel-Information
Mamilla Hotel,11 King Solomon St.,https://www.expedia.co.uk/Jerusalem-Hotels-Mamilla-Hotel.h2784087.Hotel-Information
Mamilla Hotel,11 King Solomon St.,https://www.expedia.ca/Jerusalem-Hotels-Mamilla-Hotel.h2784087.Hotel-Information
Mamilla Hotel,11 King Solomon St.,https://www.expedia.com.tw/en/Jerusalem-Hotels-Mamilla-Hotel.h2784087.Hotel-Information
Virtual Hotel to Get not Found,Unreal Street,https://www.expedia.com/
Virtual Hotel to Get not Found,Unreal Street,https://www.expedia.com/service/en-gb/
Virtual Hotel to Get not Found,Unreal Street,https://mashable.com/article/expedia-vr-travel
Virtual Hotel to Get not Found,Unreal Street,https://www.tripadvisor.com/ShowTopic-g1-i12290-k7362735-Expedia_says_booked_but_hotel_doesn_t-Bargain_Travel.html
Virtual Hotel to Get not Found,Unreal Street,https://www.tripadvisor.com/ShowTopic-g1-i12290-k10945099-Problem_with_Expedia_booking-Bargain_Travel.html
Virtual Hotel to Get not Found,Unreal Street,https://skift.com/2017/07/10/the-hotel-chain-that-doesnt-need-booking-com-or-expedia/
Virtual Hotel to Get not Found,Unreal Street,http://www.vafion.com/blog/expedia-virtual-card-did-it-changed-how-travelvacation_rental-industry-worked/
Virtual Hotel to Get not Found,Unreal Street,https://viewfromthewing.com/one-reason-not-book-expedia/
Virtual Hotel to Get not Found,Unreal Street,https://www.reddit.com/r/personalfinance/comments/qod4ln/hotel_booked_through_expedia_never_charged_me_not/
Virtual Hotel to Get not Found,Unreal Street,https://donotpay.com/learn/expedia-customer-service/
